Workbook

Sheet data
A1: total | B1: Mr.Bahmani | C1: Mr.Alizadeh | D1: Ms.Abbaszadeh | E1: Mr.Karimi | F1: Mr.Rezazadeh | G1: Mr.Haji | H1: نام نفرات
A2: =SUM(C2:G2) -> 10 | B2: =COUNTIF('Fidelity Elite'!$C$18:$C$38,data!B1) -> 3 | C2: =COUNTIF('Fidelity Elite'!$C$18:$C$38,data!C1) -> 2 | D2: =COUNTIF('Fidelity Elite'!$C$18:$C$38,data!D1) -> 2 | E2: =COUNTIF('Fidelity Elite'!$C$18:$C$38,data!E1) -> 1 | F2: =COUNTIF('Fidelity Elite'!$C$18:$C$38,data!F1) -> 1 | G2: =COUNTIF('Fidelity Elite'!$C$17:$C$38,data!G1) -> 4 | H2: Activities
A3: =SUM(C3:G3) -> 10 | B3: =COUNTIFS('Fidelity Elite'!$C$18:$C$38,data!B1,'Fidelity Elite'!$A$18:$A$38,"Inprogress") -> 3 | C3: =COUNTIFS('Fidelity Elite'!$C$18:$C$38,data!C1,'Fidelity Elite'!$A$18:$A$38,"Inprogress") -> 2 | D3: =COUNTIFS('Fidelity Elite'!$C$18:$C$38,data!D1,'Fidelity Elite'!$A$18:$A$38,"Inprogress") -> 2 | E3: =COUNTIFS('Fidelity Elite'!$C$18:$C$38,data!E1,'Fidelity Elite'!$A$18:$A$38,"Inprogress") -> 1 | F3: =COUNTIFS('Fidelity Elite'!$C$18:$C$38,data!F1,'Fidelity Elite'!$A$18:$A$38,"Inprogress") -> 1 | G3: =COUNTIFS('Fidelity Elite'!$C$17:$C$38,data!G1,'Fidelity Elite'!$A$17:$A$38,"Inprogress") -> 4 | H3: In progress
A4: =SUM(C4:G4) -> 0 | B4: =COUNTIFS('Fidelity Elite'!$C$18:$C$38,data!B1,'Fidelity Elite'!$A$18:$A$38,"Delay") -> 0 | C4: =COUNTIFS('Fidelity Elite'!$C$18:$C$38,data!C1,'Fidelity Elite'!$A$18:$A$38,"Delay") -> 0 | D4: =COUNTIFS('Fidelity Elite'!$C$18:$C$38,data!D1,'Fidelity Elite'!$A$18:$A$38,"Delay") -> 0 | E4: =COUNTIFS('Fidelity Elite'!$C$18:$C$38,data!E1,'Fidelity Elite'!$A$18:$A$38,"Delay") -> 0 | F4: =COUNTIFS('Fidelity Elite'!$C$18:$C$38,data!F1,'Fidelity Elite'!$A$18:$A$38,"Delay") -> 0 | G4: =COUNTIFS('Fidelity Elite'!$C$18:$C$38,data!G1,'Fidelity Elite'!$A$18:$A$38,"Delay") -> 0 | H4: Delay
A5: =SUM(C5:G5) -> 0 | B5: =COUNTIFS('Fidelity Elite'!$C$18:$C$38,data!B1,'Fidelity Elite'!$A$18:$A$38,"Allowed delay") -> 0 | C5: =COUNTIFS('Fidelity Elite'!$C$18:$C$38,data!C1,'Fidelity Elite'!$A$18:$A$38,"Allowed delay") -> 0 | D5: =COUNTIFS('Fidelity Elite'!$C$18:$C$38,data!D1,'Fidelity Elite'!$A$18:$A$38,"Allowed delay") -> 0 | E5: =COUNTIFS('Fidelity Elite'!$C$18:$C$38,data!E1,'Fidelity Elite'!$A$18:$A$38,"Allowed delay") -> 0 | F5: =COUNTIFS('Fidelity Elite'!$C$18:$C$38,data!F1,'Fidelity Elite'!$A$18:$A$38,"Allowed delay") -> 0 | G5: =COUNTIFS('Fidelity Elite'!$C$18:$C$38,data!G1,'Fidelity Elite'!$A$18:$A$38,"Allowed delay") -> 0 | H5: Allowed delay
A6: =SUM(C6:G6) -> 0 | B6: =COUNTIFS('Fidelity Elite'!$C$18:$C$38,data!B1,'Fidelity Elite'!$A$18:$A$38,"On time") -> 0 | C6: =COUNTIFS('Fidelity Elite'!$C$18:$C$38,data!C1,'Fidelity Elite'!$A$18:$A$38,"On time") -> 0 | D6: =COUNTIFS('Fidelity Elite'!$C$18:$C$38,data!D1,'Fidelity Elite'!$A$18:$A$38,"On time") -> 0 | E6: =COUNTIFS('Fidelity Elite'!$C$18:$C$38,data!E1,'Fidelity Elite'!$A$18:$A$38,"On time") -> 0 | F6: =COUNTIFS('Fidelity Elite'!$C$18:$C$38,data!F1,'Fidelity Elite'!$A$18:$A$38,"On time") -> 0 | G6: =COUNTIFS('Fidelity Elite'!$C$17:$C$38,data!G1,'Fidelity Elite'!$A$17:$A$38,"On time") -> 0 | H6: On time
A7: =SUM(C7:G7) -> 0 | B7: =COUNTIFS('Fidelity Elite'!$C$18:$C$38,data!B1,'Fidelity Elite'!$A$18:$A$38,"Ahead of schedule") -> 0 | C7: =COUNTIFS('Fidelity Elite'!$C$18:$C$38,data!C1,'Fidelity Elite'!$A$18:$A$38,"Ahead of schedule") -> 0 | D7: =COUNTIFS('Fidelity Elite'!$C$18:$C$38,data!D1,'Fidelity Elite'!$A$18:$A$38,"Ahead of schedule") -> 0 | E7: =COUNTIFS('Fidelity Elite'!$C$18:$C$38,data!E1,'Fidelity Elite'!$A$18:$A$38,"Ahead of schedule") -> 0 | F7: =COUNTIFS('Fidelity Elite'!$C$18:$C$38,data!F1,'Fidelity Elite'!$A$18:$A$38,"Ahead of schedule") -> 0 | G7: =COUNTIFS('Fidelity Elite'!$C$18:$C$38,data!G1,'Fidelity Elite'!$A$18:$A$38,"Ahead of schedule") -> 0 | H7: Ahead of schedule | K7: -6
A8: =SUM(A3:A7) -> 10 | D8: W4 | E8: W3 | F8: W2 | G8: W1 | H8: Weekly Efficiency
D9: 0 | E9: 0 | F9: 0 | G9: 0

Sheet Fidelity Elite
A1: Form Code:: | B1: Project Weekly Report
A2: Revision Date:
A3: # Revision:00
B4: Project manager | C4: Project Name | D4: Meeting date | F4: Client name | I4: Project deadline
B7: Mr. Bahmani | C7: Respect front and Rear Muffler | D7: 1404/07/06 | F7: Bahman Khodro | I7: 1404/07/21
A9: Total activities | B9: Health | D9: % Complete | I9: % Variance
A10: =COUNTIF(C18:C41,"<>") -> 14 | B10: =IF(I10=0%,"Good",IF(I10>=-10%,"Bad",IF(I10<=-20%,"critical"))) -> Good | D10: =AVERAGE(H18:H24) -> 0.42857143
A16: Status | B16: Activity Name | C16: Resource Name | D16: Planned | E16: Planned(Miladi) | F16: Actual | G16: Actual(Miladi) | H16: %complete | I16: Description
A17: Inprogress | B17: نقشه دو بعدی میانی و انتهایی | C17: Mr.Bahmani | D17: 1404/07/07 | E17: 2025/9/28 | F17: 1404/07/08 | G17: 2025/9/29 | H17: 1
A18: Inprogress | B18: OPC مجموعه میانی و انتهایی | C18: Mr.Alizadeh | D18: 14047/07/07 | F18: N/A | H18: 0.5 | I18: در تاریخ 1404/07/09 مهندس علیزاده، opc منبع انتهایی را ارسال کردند و اذعان داشتند: منبع میانی ریسپکت به دلیل نداشتن اطلاعات تا مورخ 1404/07/12 تکمیل و ارسال می گردد. , 50% تسک ایشان تا تاریخ 1404/07/09 پیش رفته است.
A19: Inprogress | B19: مشخصات مهم محصول و FEMA | C19: Mr.Karimi | D19: 1404/07/14 | E19: 2025/10/5 | F19: N/A | H19: 0.5 | I19: مدارک مشخصه های مهم محصول انباره میانی و انتهایی در تاریخ 1404/07/09 توسط مهندس کریمی فرستاده شد FMEA مانده که منوط به داشتن تهیه مدرک OPC می‌باشد.
A20: Inprogress | B20: BOM | C20: Mr.Bahmani | D20: 1404/07/07 | E20: 2025/9/28 | F20: 1404/07/08 | G20: 2025/9/29 | H20: 1
A21: Inprogress | B21: سوابق کیفی برگشتی QIR | C21: Mr.Haji | D21: 1404/07/07 | E21: 2025/9/28 | F21: 1404/07/07 | G21: 2025/9/28 | H21: 1
A22: Inprogress | B22: طرح کنترل CP | C22: Mr.Haji | D22: 1404/07/21 | E22: 2025/10/12 | F22: N/A | H22: 0
A23: Inprogress | B23: تهیه تجهیزات لیست تولیدی | C23: Mr.Alizadeh | D23: 1404/07/15 | E23: 2025/10/6 | F23: N/A | H23: 0
A24: Inprogress | B24: لیست کنترل | C24: Mr.Haji | D24: 1404/07/15 | E24: 2025/10/6 | F24: N/A | H24: 0
A25: Inprogress | B25: Layout | C25: Ms.Abbaszadeh | D25: 1404/07/15 | E25: 2025/10/6 | F25: N/A | H25: 0
A26: Inprogress | B26: طرح بسته بندی | C26: Mr.Akbari | D26: 1404/07/15 | E26: 2025/10/6 | F26: N/A | H26: 0
A27: Inprogress | B27: نتایج کنترل ابعادی Data Sheet | C27: Mr.Bahmani | D27: 1404/07/15 | E27: 2025/10/6 | F27: N/A | H27: 0
A28: Inprogress | B28: آنالیز مواد | C28: Mr.Haji | D28: 1404/07/15 | E28: 2025/10/6 | F28: N/A | H28: 0
A29: Inprogress | B29: Gantt Chart | C29: Mr.Rezazadeh | D29: 1404/07/15 | E29: 2025/10/6 | F29: N/A | H29: 0
A30: Inprogress | B30: FPC,SOS | C30: Ms.Abbaszadeh | D30: 1404/07/15 | E30: 2025/10/6 | F30: N/A | H30: 0
A31: Inprogress | B31: طرح دوباره کاری | C31: Mr.Bahmani | D31: 1404/07/15 | E31: 2025/10/6 | F31: N/A | H31: 0

Sheet Sheet2
A1: 2025/9/28 | D1: 2025/9/29
A3: 2025/10/5
A4: 2025/9/28 | D4: 2025/9/29
A5: 2025/9/28 | D5: 2025/9/28
A6: 2025/10/12
A7: 2025/10/6
A8: 2025/10/6
A9: 2025/10/6
A10: 2025/10/6
A11: 2025/10/6
A12: 2025/10/6
A13: 2025/10/6
A14: 2025/10/6
A15: 2025/10/6

Sheet Sheet1
A1: Status | B1: Activity Name | C1: Resource Name | D1: Planned | E1: Planned(Miladi) | F1: Actual | G1: Actual(Miladi) | H1: %complete | I1: Description
A2: Inprogress | B2: نقشه دو بعدی میانی و انتهایی | C2: Mr.Bahmani | D2: 1404/07/07 | E2: 2025/9/28 | F2: 1404/07/08 | G2: 2025/9/29 | H2: 1
A3: Inprogress | B3: OPC مجموعه میانی و انتهایی | C3: Mr.Alizadeh | D3: 14047/07/07 | H3: 0.5 | I3: در تاریخ 1404/07/09 مهندس علیزاده، opc منبع انتهایی را ارسال کردند و اذعان داشتند: منبع میانی ریسپکت به دلیل نداشتن اطلاعات تا مورخ 1404/07/12 تکمیل و ارسال می گردد. , 50% تسک ایشان تا تاریخ 1404/07/09 پیش رفته است.
A4: Inprogress | B4: مشخصات مهم محصول و FEMA | C4: Mr.Karimi | D4: 1404/07/14 | E4: 2025/10/5 | H4: 0.5 | I4: مدارک مشخصه های مهم محصول انباره میانی و انتهایی در تاریخ 1404/07/09 توسط مهندس کریمی فرستاده شد FMEA مانده که منوط به داشتن تهیه مدرک OPC می‌باشد.
A5: Inprogress | B5: BOM | C5: Mr.Bahmani | D5: 1404/07/07 | E5: 2025/9/28 | F5: 1404/07/08 | G5: 2025/9/29 | H5: 1
A6: Inprogress | B6: سوابق کیفی برگشتی QIR | C6: Mr.Haji | D6: 1404/07/07 | E6: 2025/9/28 | F6: 1404/07/07 | G6: 2025/9/28 | H6: 1
A7: Inprogress | B7: طرح کنترل CP | C7: Mr.Haji | D7: 1404/07/21 | E7: 2025/10/12 | H7: 0
A8: Inprogress | B8: تهیه تجهیزات لیست تولیدی | C8: Mr.Alizadeh | D8: 1404/07/15 | E8: 2025/10/6 | H8: 0
A9: Inprogress | B9: لیست کنترل | C9: Mr.Haji | D9: 1404/07/15 | E9: 2025/10/6 | H9: 0
A10: Inprogress | B10: Layout | C10: Ms.Abbaszadeh | D10: 1404/07/15 | E10: 2025/10/6 | H10: 0
A11: Inprogress | B11: طرح بسته بندی | C11: Mr.Akbari | D11: 1404/07/15 | E11: 2025/10/6 | H11: 0
A12: Inprogress | B12: نتایج کنترل ابعادی Data Sheet | C12: Mr.Bahmani | D12: 1404/07/15 | E12: 2025/10/6 | H12: 0
A13: Inprogress | B13: آنالیز مواد | C13: Mr.Haji | D13: 1404/07/15 | E13: 2025/10/6 | H13: 0
A14: Inprogress | B14: Gantt Chart | C14: Mr.Rezazadeh | D14: 1404/07/15 | E14: 2025/10/6 | H14: 0
A15: Inprogress | B15: FPC,SOS | C15: Ms.Abbaszadeh | D15: 1404/07/15 | E15: 2025/10/6 | H15: 0
A16: Inprogress | B16: طرح دوباره کاری | C16: Mr.Bahmani | D16: 1404/07/15 | E16: 2025/10/6 | H16: 0
